fromnode,tonode,resistance,reactance,contingencymarked,capacity,id,b
1,2,0.00266925,0.032377875,1,10000,1,0.019611328
1,4,0.002878875,0.028608938,1,10000,2,0.010308416
2,3,0.001313063,0.019022938,1,10000,3,0.01029663
2,4,0.000803188,0.014971188,1,10000,4,0.004762549
3,1,0.000399063,0.00548875,1,10000,5,0.002380706
4,3,0.001149813,0.018377188,1,10000,6,0.012669845
